|keywords|tweets
0|supply chain management solutions|"
Supply Chain Management Solutions for Food and Beverage Distributors http:// ref.gl/FXTz5gj8
Supply Chain Management Solutions for Food and Beverage Distributors http:// ref.gl/FXTz5gj8
Supply Chain Management Solutions for Food and Beverage Distributors http:// ref.gl/FXTz5gj8
UPS can help optimize your automotive supply chain . Check our supply chain management , transportation solutions , warehousing/distribution services and more. https://www. ups.com/us/en/services /automotive.page … pic.twitter.com/h0Gtm4Kx6b
@CargoGiants International is one of the most famous #Cargo and #Logistics services providers in #Pakistan . Providing innovative #Road freight, #Air freight, #Sea #freight and Logistics #supply_chain management solutions across the borders. Give us a call at; +92-300-4017090. pic.twitter.com/ep6McMeEfm
Management Trainee ArcBest is a logistics company with creative problem solvers who deliver integrated solutions for complex supply chain challenges. With services provided by less-than-truckload carrier, ABF Freight, and maintenance and repair c... http:// wowjobs.me/job/Management +Trainee_f05784829de35310a1f409e86e945304.html … #jobs pic.twitter.com/uH50lRVzkn
Supply chain management ..For more info visit... http:// gfslog.in/bizFloat/5a2b7 7d57451030a3ce09811/Supply-chain-management- …
Supply Chain Management Solutions for Food and Beverage Distributors http:// ref.gl/FXTz5gj8
Good World Solutions have introduced mobile presence robots to do physical inspections and connect with workers for fair supply chain management @GlobalCompactUS
Navigating the Supply Chain Management Fault Line http:// qoo.ly/jsqch #supplychain #logistics
Congratulations Wolfgang Laures, #Perstorp EVP on winning #Silf Supply Chain Professional of the Year 2017! #AspenTech ’s supply chain management software was one of three solutions he showcased to the jury. #SCM http:// bit.ly/2k7hUAS @perstorpgroup @silfcompetence pic.twitter.com/kVeXEk0W28
Proud to announce our latest customer, Kuecker Logistics Group, which leverages Trifacta + @awscloud + @tableau to wrangle and analyze supply chain data to provide cutting-edge solutions in logistics management . http:// ow.ly/m46q30h475C
Supply Chain Management Solutions for Food and Beverage Distributors http:// ref.gl/FXTz5gj8
Supply chain management gaat om samenwerking. Samenwerking binnen en buiten bedrijven, welke gericht moet zijn op het vergroten van de toegevoegde waarde voor de klant. https://www. logistiekprofs.nl/nieuws/wijs-na ar-output-van-processen-niet-naar-mensen … pic.twitter.com/jx5G3oJ7nq
From the B2X blog: 4 Major Business and Technology Trends that Will Innovate After-Sales Supply Chain Management in #2018. #aftersales #scm http:// ow.ly/Gqxa30gYGy1 pic.twitter.com/M2e00UDimo
Fully accredited courses in supply chain , management , logistics, marketing, HR and accounting. Secure your future with Staff Training Solutions . https:// goo.gl/YKWCHt #STS #Online #Flexible #Courses pic.twitter.com/xEEQGWEL2o
We offer supply chain analytics solutions for manufacturing sector clients, which helps them optimize their network for improved efficiency and effective supply management . Request your free proposal ( https:// goo.gl/Yqxc4j ) to know about the benefits of #SupplyChain analytics. pic.twitter.com/Zx4Bfx6zNT
Hamed Farhadi, Director of GTS Structured Solutions at Bank of the West, visited Professor Ibrahim's PMBA class as a guest speaker, to teach students about financial management of the supply chain . pic.twitter.com/aq5gunPL6l
With our supply chain management solutions , we help our clients focus on the work while we handle the hard ends. #GlobalNexport #SupplyChainManagement pic.twitter.com/JlpMmj3AB0
Exciting news at Visible Supply Chain Management . Organizational name change will enable employees to offer even more technology-forward supply chain solutions to all clients. http://www. businesswire.com/news/home/2017 1205005394/en …
. @JDAcareers seeking talented sales executives to sell enterprise software solutions into Tier 1 and Tier 2 manufacturing accounts; previous SCM ( supply chain management ) solutions sales experience preferred. Apply now: http:// bit.ly/2iBw8cr pic.twitter.com/1ZAbtbvEGD
Companies like @skuchain and @factom offer solutions that utilize blockchain in supply chain management solutions Redesign the supply chain in Africa. Register for @AshesiDesign led Blockchain Hackathon 2018 http:// dlabhacks.com #blockhackgh
#ICYMI : Gemini Series #mobiledata management #software validated at @ZebraTechnology Solutions Center to demonstrate complete interoperability with Zebra ZT410 printers in manufacturing and warehousing environments. Read more: https:// buff.ly/2nuWVgB #NewTech #SCM
Many new technologies are already enhancing the supply chain , such as; #RFID , #Drones & #Autonomous Vessels. How will #technology continue to revolutionize #supplychain management in the years to come? Find out with our interactive graphic: http:// bit.ly/2yx2Fr8 pic.twitter.com/505aaEbP7a
Welcome to Woodbridge Group Ltd. Non-Pharmaceutical Medical devices and distribution of Hospital equipment’s, Lab Reagents, Importation of opulent goods and diverse line in distribution of Pharmaceuticals, real estate development, property management and supply chain solutions pic.twitter.com/RWgl2W3Pyy
ISCS Vision International Supply Chain Solutions Ltd (ISCS) shall be the preferred choice in Management Service in the markets that we choose to operate in. Procurement Tips
Future Supply Chain Solutions ' management talks about when will they turn around their temperature control business. #BQLive https://www. pscp.tv/w/1MYGNjLkppvGw
Considering a #WMS ? Read the latest MHD - Supply Chain Solutions for lots of tips, hints & suggestions for both selecting and implementing a Warehouse Management System. For even more, get your free e-book on the same topic. Visit our website for both! http:// ow.ly/k53v30h2r0F
#Blockchain technology isn’t a magic bullet but it does have applications in global payment, supply chain , asset management and cyber-security. Find out how trusted supplier ecosystems get created here: https:// hubs.ly/H09m-8t0 pic.twitter.com/70g9lkpRwc
Learn how Kuecker Logistics Group is leveraging @awscloud + Trifacta + @tableau to provide management solutions in supply chain , value chain, industrial automation, inventory management and more! Register for our 12/12 webinar here: http:// ow.ly/T5Cq30h0QeZ pic.twitter.com/y5Qiz66o3N
Are your vendors meeting your expectations? Deufol's vendor management solutions can optimize your supply chain . https:// hubs.ly/H09mCG10
Supply Chain and Inventory Management Solutions for the Defense Industry: Sponsored Content Efficient supply chain and inventory management is crucial, especially in the defense and aerospace industries where technologies and… http:// thomasnet.co/2iPewhy #ThomasForIndustry pic.twitter.com/jLFIFhvsaN
Supply Chain and Inventory Management Solutions for the Defense Industry http:// thomasnet.co/2iSDtbP #ThomasForIndustry
Supply Chain Management Solutions for Food and Beverage Distributors http:// ref.gl/FXTz5gj8
If there is one buzzword that continues to define supply chain management , it's ""visibility."" http:// ow.ly/D2Rq30h0CX3 If you don't have end-to-end supply chain visibility, you aren't in control of your inventory. We can help: http://www. tersosolutions.com/solutions/over view … .
How RFID and other technologies are set to influence supply chain management in the foreseeable future: http://www. globaltrademag.com/global-logisti cs/infographic-technology-enhancing-supply-chain-management …
PinPoint-360, LLC offers end-to-end supply chain management solutions ! #SupplyChainSolutions http:// ow.ly/owkt30gW46z
Sample Essay on Information Technology Solutions for Effective Supply Chain Management https://www. globalcompose.com/logistics/samp le-essay-on-information-technology-solutions-for-effective-supply-chain-management/ …
Eka Software @EkaSoftware Global leader in Smart Commodity Management and advanced analytics software solutions for trading, procurement, supply chain , bulk handling, risk and compliance http:// ekaplus.com #FireUpYourBrand pic.twitter.com/ehQu2nDhUh
Short and easy intro of Oracle's Supply Chain Management Solutions . https:// lnkd.in/ekTwA6m
Sample Essay on Information Technology Solutions for Effective Supply Chain Management https://www. globalcompose.com/logistics/samp le-essay-on-information-technology-solutions-for-effective-supply-chain-management/ …
6 Artificial Intelligence Technologies Enhancing Supply Chain Management http:// ow.ly/Hd3q30gXh5m via @EBNonline @HaileyMcK #supplychain #artificialintelligence #technology
Collaboration in supply chain management is key (and we practice it every day): https:// buff.ly/2BeMr7E #SupplyChain #Leadership
#FollowFriday to @constructline - UK’s largest procurement and supply chain management service for the #construction industry. pic.twitter.com/S0vWatlPkS
By offering a full package of logistics solutions our business model covers the entire supply chain from design, re-engineering and consulting through forwarding, warehousing and transport services to integrated data management systems supported by our global IT platform !! pic.twitter.com/UfoY8r0E3N
The demand for omnichannel solutions to incorporate new technologies is emerging everywhere within the purchasing and supply chain management funnel. https:// hubs.ly/H09f-bl0 by @AnjeeSolankiCRE
Mr. Hans Ehm, Lead Principal Supply Chain , @Infineon Technologies AG ""Challenges and preliminary solutions in supply chain management - a semiconductor industry example"" #midas2017 pic.twitter.com/4VSr1hSc0S
Supply Chain Management Solutions for Food and Beverage Distributors http:// ref.gl/FXTz5gj8
Todays your last day to visit @Heffiq and #Hyster at @BeursLogistica to discuss solutions for your supply chain management with our materials handling specialists. #Logistica2017 . Also don’t forget to visit the Hydrogen Plaza arena to learn about #Nuvera fuel cells. https:// twitter.com/Heffiq/status/ 936164538881400833 …
This alone shows that the Real Estate, Architecture and Construction business is now growing more than ever! And we are here to add value to the supply chain across facilities management , smart retail solutions , health and safety. https:// twitter.com/KenDooley/stat us/936168559906119680 …
Adopting software solutions to better improve supply chain maintenance, optimize performance, sustainability, reliability, overall better risk management posture http:// bit.ly/29PLsz8
With a CVSS score of 10.0 you better have patched this on your systems! Servers running PeopleSoft Campus Solutions , Human Capital Management , Financial Management , and Supply Chain Management have been affected. https:// blog.securityevaluators.com/oracle-tuxedo- joltandbleed-vulnerability-cve-2017-10269-88f8df1a448b …
We welcome you to partner with us to introduce solutions for unified supply chain , #RiskManagement , IT security and service management & much more! http://www. nowellgroup.com/3694/index.html
. @JDAcareers is seeking talented sales executives to sell enterprise software solutions into Tier 1 and Tier 2 manufacturing accounts; previous SCM ( supply chain management ) solutions sales experience preferred. Apply now: http:// bit.ly/2iBw8cr pic.twitter.com/9DZNIXp3ev
So far a very exciting day 1 at #Logistica2017 , where @Heffiq and #Hyster are exhibiting supply chain management solutions from warehouse to terminals. @BeursLogistica pic.twitter.com/Sx0EqRg2Gf
Mr. Hans Ehm, Lead Principal Supply Chain , @Infineon Technologies AG ""Challenges and preliminary solutions in supply chain management - a semiconductor industry example"" https://www. eventbrite.ie/e/midas-irelan d-conference-gala-dinner-tickets-39115558689 …
Digital Supply Chain Management | SCM Solutions | SAP https://www. sap.com/products/suppl y-chain-iot/scm.html?source=social-atw-twitter …
follow please #PrabhuStudio I recommended Eka Software From #https:// twitter.com/EkaSoftware Global leader in Smart Commodity Management and advanced analytics software solutions for trading, procurement, supply chain , bulk handling, risk and compliance
Supply Chain Management Solutions for Food and Beverage Distributors http:// ref.gl/FXTz5gj8
Supply Chain Management Solutions for Food and Beverage Distributors http:// ref.gl/FXTz5gj8
Supply Chain Management Solutions for Food and Beverage Distributors http:// ref.gl/FXTz5gj8
ecUtopia provides Solutions for Supply Chain Management Challenges http:// goo.gl/UQQnZJ #EDI #SCM
Inspirational round table discussion on agile supply chain management solutions with India’s industry leaders @Maersk CEO & CFO pic.twitter.com/SJVeCd9rnu
Heads-Up | Supply-chain Management & Logistics Forum 2: “Ports and Shippers: Harbouring Smart Solutions ” starts at 16:00 in the Main Forum #ALMC pic.twitter.com/60uBoeV6rP
Our supply chain management solutions can add value, reduce operating costs & make your supply chain as efficient as possible #insightintoaction https:// hubs.ly/H09f2Ss0 pic.twitter.com/L3xGjAn88v
PW is stoked to be featured in the latest MHD - Supply Chain Solutions Magazine. Have a read and see what Scott Symons has to say about ""What Makes Sense When Selecting and Implementing a Warehouse Management System” #wms #supplychain #scm #logistics #3PL pic.twitter.com/Tw62neMUDx
eBook: Evolution of Supply Chain Solutions : The Future of Global Trade Management https:// buff.ly/2zncr3k
Supply Chain Management Solutions for Food and Beverage Distributors http:// ref.gl/FXTz5gj8
Supply Chain Management Solutions for Food and Beverage Distributors http:// ref.gl/FXTz5gj8
You may be right for banking only, but many of the niche coins offer and integrate a full management system, inventory, supply chain documentation and Point of Sale solutions such as TKS. I believe there is value in that product offering.
Swisslog will Ignite Transformation in your healthcare system through medication and supply chain management solutions that improve workflows and encourage patient-centered care. Stop by our booth #1251 at the @ASHPOfficial to learn more! http:// bddy.me/2mvdSH7 pic.twitter.com/dUAAioo4oG
#Infographic - How is technology enhancing Supply Chain Management ? http:// vero.solutions/how-is-technol ogy-enhancing-supply-chain/ … via @solutions _vero
Supply Chain Management Solutions for Food and Beverage Distributors http:// ref.gl/FXTz5gj8
Today, thanks to advanced asset management solutions , managers and executives can not only track the shipping journey, they can work with logistics teams to optimize delivery routes and uncover new opportunities in the supply chain . http:// wapo.st/2gMg6we
That #FridayFeeling that for 40 years we’ve produced our own quality products in addition to being contracted to improve productivity and profitability with our converting, supply chain and inventory management solutions for you, our customers. www, http:// protapes.com pic.twitter.com/YcMQKgLGxe
Our integrated 3pl supply chain solutions include Assembly, Packaging, Warehousing, inventory management , and distribution #Distribution #packaging #assembly #warehosuing pic.twitter.com/UDyz9UIHQu
eBook: Evolution of Supply Chain Solutions : The Future of Global Trade Management https:// goo.gl/fb/q5c2sX
#drugdiscovery FDAnews Announces Implementing Risk Strategies for the Supply Chain Sponsored by Verse Solutions Dec. 6 2017: Risk management tools promise greater control over farflung suppliers. Anthony Parise shows drug and devicemakers new ways… http:// bioportfol.io/Q1PLBy #drug
Werardt offers various Enterprise solutions for Manufacturing, Supply Chain Management , and Ecology purposes. For more info please contact Mr. Satish Nande, Director, Werardt Systemss Pvt Ltd. Pune, India. Call +91 9011092405. Email business@werardt.com http://www. werardt.com /
Supply Chain Management Solutions for Food and Beverage Distributors http:// ref.gl/FXTz5gj8
Cold Chain Solutions Provider Controlant Achieves ISO 9001 2015 Quality Management System Certification: Controlant a leading provider of cold chain monitoring solutions for the Pharmaceutical and Food supply chain industries globally today announced it… http:// bioportfol.io/Q1Gn0Y
Take control and manage your #fashion #business more effectively with #Speed #Step #Software #Solutions : Speed Step PLM Speed Step PDM Speed Step Time and Action Speed Step Supply chain Management design and more: http:// bit.ly/2rBSDnY pic.twitter.com/YC57vSMJsQ
Supply Chain Management Solutions for Food and Beverage Distributors http:// ref.gl/FXTz5gj8
eBook: Evolution of Supply Chain Solutions : The Future of Global Trade Management http:// shipitcl.com/news/ebook-evo lution-of-supply-chain-solutions-the-future-of-global-trade-management/ …
Mr. Hans Ehm, Lead Principal Supply Chain , @Infineon Technologies AG ""Challenges and preliminary solutions in supply chain management - a semiconductor industry example""
Amber Road’s eBook Evolution of Supply Chain Solutions : The Future of Global Trade Management explores the 7 top trends that are influencing how we manage our supply chains. http:// ow.ly/fR6J30gB59W
eBook: Evolution of Supply Chain Solutions : The Future of Global Trade Management http://www. logisticsmgmt.com/article/ebook_ evolution_of_supply_chain_solutions_the_future_of_global_trade_manage …
eBook: Evolution of Supply Chain Solutions : The Future of Global Trade Management - Logistics Management http:// bit.ly/2z33JY1 #DT #eboo …
eBook: Evolution of Supply Chain Solutions : The Future of Global Trade Management http://www. logisticsmgmt.com/article/ebook_ evolution_of_supply_chain_solutions_the_future_of_global_trade_manage?utm_source=dlvr.it&utm_medium=twitter … pic.twitter.com/mtW313pYF3
eBook: Evolution of Supply Chain Solutions : The Future of Global Trade Management http:// dlvr.it/Q156Ll pic.twitter.com/DutEJHh8DV
eBook: Evolution of Supply Chain Solutions : The Future of Global Trade Management | Logistics Management http:// ift.tt/2mtshDE
eBook: Evolution of Supply Chain Solutions : The Future of Global Trade Management http:// dlvr.it/Q152FK via @LogisticsMgmt pic.twitter.com/cD7Zg4n9nW
eBook: Evolution of Supply Chain Solutions : The Future of Global Trade Management http:// dlvr.it/Q151sy pic.twitter.com/5Cy57TSY4p
#RFID , Drones and Autonomous Vessels are already transforming & enhancing the supply chain but how will these #technologies affect #supplychain #management in the future? Read more: http:// bit.ly/2yx2Fr8 pic.twitter.com/9CYReYQEgd
Business covers overseas procurement, overseas warehousing, international shipping, domestic customs clearance, warehouse management , logistics solutions , supply chain , finance, foreign trade and other fields of integrated services.
Achieving Efficiency in Supply Chain Management - http:// bit.ly/2r8hjlm #supplychain
Do you see Digital Asset Management solutions where others see hurdles? @OnPremSP is hiring a Manager - Digital Supply Chain #consulting pro to join the #LA team. http:// bit.ly/2iCEWh6 #jobs #DAM #DAMLA #metadata #inc500
Advanced Analytics Business Intelligence & Analytics Cloud Analytics Customer Intelligence Data Management Fraud & Security Intelligence IoT Solutions Personal Data Protection Risk Management Solutions for Hadoop Small & Midsize Business Supply Chain Intelligence #Twitter280 #SAS
Supply Chain Management Software Solutions [ http:// zpr.io/nfYjF ]
Supply Chain Management Solutions for Food and Beverage Distributors http:// ref.gl/FXTz5gj8"
1|sourcing and procurement services|"
SW-13841 - Canada (British Columbia) - Sourcing and Procurement Spend Analytics Application and Services - Deadline January 26,2018 http:// ift.tt/2iyGbj7 #RFPMart
I specialize in providing services in Adminitrative, Customer Service, Order Processing, Procurement and Sourcing . If you need any of this services , don't hesitate to get in touch with me. Thank you #virtualassistance
Intelligent automation will transform workplace outsourcing: Sourcing and vendor management leaders must prepare to restructure these services and renegotiate contracts to leverage intelligent automation, according to Gartner, Inc. http:// ow.ly/KnSq30h06Ux #procurement #workplace
UN Procurement Division | BUSINESS & VENDOR REGISTRATION SEMINAR ""You don't have to be a producer or manufacturer to do business with the UN, it's a matter of sourcing ; knowing where to source the goods & services and supply it"". #UNSeminar #Procurement #Botswana pic.twitter.com/TAUMc4vrWH
From our humble beginnings in Telecom and MRO, Source One has matured into an industry leading Procurement services provider. Take a look at this video to learn more about our history of Strategic Sourcing excellence. http:// ow.ly/ynSk30gRQJR
With #SyncFab ’s services , companies attempting to shift their manufacturing processes to hightech smart factories, can find solutions such as sourcing , tracking and organizing precision ​parts ​production ​ and ​improved ​ procurement ​systems. @SYNCFAB http:// blockchain.syncfab.com
Beeline: Vendor Snapshot (Part 2) — Product Strengths & Weaknesses: Categories: Services and Indirect Spend, Services Procurement & Contingent Labor, Services Procurement & Contingent Labor Management, Sourcing , SOW, Technology, Vendor… http:// dlvr.it/Q3k1v8 @spendmatters pic.twitter.com/ZDWbbC9YMM
Can we agree that it is a #failure for any #Procurement and #Sourcing org to pay list price for goods or services ? Still feel good about your #eAuctions , #democratized sourcing , vendor-centric RFPs, event driven RFPs?
With #SyncFab ’s services , companies attempting to shift their manufacturing processes to high-tech smart factories, can find solutions such as sourcing , tracking and organizing precision ​parts ​production ​ and ​improved ​ procurement ​systems. @SYNCFAB - http:// blockchain.syncfab.com
With #SyncFab ’s services , companies attempting to shift their manufacturing processes to high-tech smart factories, can find solutions such as sourcing , tracking and organizing precision ​parts ​production ​ and ​improved ​ procurement ​systems. @SYNCFAB http:// blockchain.syncfab.com
With #SyncFab ’s services , companies attempting to shift their manufacturing processes to high-tech smart factories, can find solutions such as sourcing , tracking and organizing precision ​parts ​production ​ and ​improved ​ procurement ​systems. @SYNCFAB http:// blockchain.syncfab.com pic.twitter.com/V0qh8D37My
Procurement Specialist The Procurement Specialist will be responsible for procurement sourcing activities for services categories. Primary responsibilities include supplier and project management, internal stakeholder relationships, category plan... http:// wowjobs.me/job/Procuremen t+Specialist_22a383f2ed51032bff95ed1aebd9d6df.html … #jobs pic.twitter.com/ErpFOfhWcz
Due to @SYNCFAB ’s services , companies can find solutions such as sourcing , tracking and organizing precision ​parts ​production ​ and ​improved ​ procurement ​systems http:// blockchain.syncfab.com #ICO #SupplyChain
BigLaw’s challenges, changing corporate buying behaviors and the rise of procurement in legal services sourcing and spend management by @AndrewKarpie http:// spendmatters.com/2017/11/13/cut ting-big-law-size-new-alternatives-legal-services-procurement-part-1/ …
Lawyers and law firms have 2 setup digital services , service sourcing options, plus client-preferred delivery methods. Chief procurement officers & legal procurement execs are looking to streamline compliance, transactional, and operational services . #legalservices #law pic.twitter.com/pFEF69DVf6
NHS needs better management of procurement as well as fund injection.paying £16.00 for a box of disposable gloves that retail at £1.65 is ridiculous. Cash injection for front line staff and ancillary workers priority. Overhaul out sourcing of services and explore in house.
Manhattan NY USA - Sourcing / #Procurement - IT Software and Professional Services - Sourcing ... http:// twib.in/l/E5eAyRodjeMp #CAREER #WORK #JOB
BanKun International We provide procurement , sourcing , import and export services , wholesale, logistics, commissione… https:// lnkd.in/fVtSwqR
Manhattan NY USA - Sourcing / #Procurement - IT Software and Professional Services - Sourcing ... http:// twib.in/l/bdBL9baA6pAR #CAREER #WORK #JOB
#Roadmap for Professional #Sourcing and #Procurement #Services https:// buff.ly/2gOdVIB
Welcome to Infeon - a procurement and sourcing services firm for the construction industry !!
The evolution of #Procurement means that its success is no longer just about sourcing services and reducing cost. http://www. supplychainbrain.com/content/single -article-page/article/top-six-challenges-facing-procurement/ … pic.twitter.com/5tEHPz8xRq
""The evolution of procurement means that... success is no longer just about sourcing services and reducing cost."" http:// bit.ly/2kGl2Y1
Procurement is no longer just about sourcing services and reducing cost. Here are the top 6 challenges https://www. cips.org/en/supply-mana gement/opinion/2017/september/the-top-six-challenges-facing-procurement-/ …
Download #CON2497 : https:// static.rainfocus.com/oracle/oow17/s ess/1492783637451001Zv5y/PF/OOWAdvanced%20Procurement%20at%20UL%20Services%20Procurement%20iSupplier%20Portal%20and%20Sourcing_1507017652958001Njxq.zip … #OOW17 UL: Oracle Services Procurement , Oracle iSupplier Portal, and Oracle Sourcing
Oracle Services Procurement , iSupplier Portal, and Sourcing Presentation Wednesday, Oct 04, 1:00 p.m. - 1:45 p.m. | Moscone South - Rm 152
Apply to become a sourcing and procurement contractor today and bring our expert services directly to the client. http:// ow.ly/LR1C30f6Bg6
Hiring for Jr.executive - Sourcing and Procurement in Gurgaon, for Exp. 1 - 4 yrs at NTT Global Delivery Services … http:// ift.tt/2xdo5Mo
#sourcing refers to a number of procurement practices, aimed at finding, evaluating and engaging suppliers for acquiring goods and services :
IT Talent and Services Sourcing : Innovation in a Challenging Environment (Part 2) http:// dlvr.it/PbDHq6 #procurement pic.twitter.com/DI5sC77oo1
IT Talent and Services Sourcing : Innovation in a Challenging Environment (Part 1) http:// dlvr.it/PZzb7B #procurement pic.twitter.com/l2JKimdjL9
Senior Sourcing Manager - Professional Services #Procurement ~ global and award winning Financial Services business. https://www. beselect.co.uk/careers/23774/ index1/Senior-Sourcing-Manager-Professional-Services-South-East-Jo-04147 …
Legal Sourcing and Billing: Category Sourcing , Maturity Models and Services Procurement Linkages (Part… http:// dlvr.it/PXJJvq #procurement pic.twitter.com/GuCUc88axq
Trident Petroleum Services ...Global procurement and sourcing ....Int'l air and ocean packaging.....www.tridentpetroleum.us
Legal Sourcing and Billing: Category Sourcing , Maturity Models and Services Procurement Linkages (Part 1) http:// dlvr.it/PVW1m5 pic.twitter.com/2y8mgEPXQo
Legal Sourcing and Billing: Category Sourcing , Maturity Models and Services Procurement Linkages (Part… http:// dlvr.it/PVW1Xj #procurement pic.twitter.com/N1kq44hnLn
Roadmap for Professional #Sourcing and #Procurement #Services http:// buff.ly/2uhHtWM
Procurement deals with the sourcing activities, negotiation and strategic selection of goods and services that are usually of importance to
#Selecthub The Future of IT Sourcing and Procurement . Read Blog: http:// owler.us/acZxL2
Thought about a career in #procurement ? It's all about sourcing products, services and goods from suppliers: http:// ow.ly/cUwm30dgLDJ pic.twitter.com/HrOyX5ZKP3
Dragon Sourcing offers cost-effective and quality automotive procurement services to clients. Know how? http:// buff.ly/2ucVOAn
An informative evening - Value based Procurement shifting from sourcing products and services to sourcing outcomes @LindsayCJohns pic.twitter.com/fyQ0O3ExcJ
LogicSource is hiring....Manager - Sourcing and procurement of Facilities Services - Norwalk CT https:// lnkd.in/dwcmx39
The Future of Digital Sourcing Channels for Labor and Services : Supply Side or Demand Side Driven? http:// dlvr.it/PK8PS4 #procurement pic.twitter.com/bfiocNFkPb
Get best Permanent Procurement , Sourcing Placement and Staffing Services by XEAM. Click here: https:// goo.gl/TKHnFQ #StaffingServices pic.twitter.com/7JyCggsjP6
Head of IT Services in Sourcing and Procurement , TeliaSonera, Helsinki http:// dlvr.it/PCB2RM #jobs #finland
Head of IT Services in Sourcing and Procurement , TeliaSonera, Helsinki http:// dlvr.it/PBHbbk #työpaikat #it -ala
Sourcing of indirect goods and services - Everybody can do that, can´t they?! http:// buff.ly/2r0Xa0w #procurement #sourcing #purchasing pic.twitter.com/7kXZdrgV3Q
Dragon Sourcing offers cost-effective and quality procurement services to clients looking for high profitability an… http:// buff.ly/2qzKKQ9
Sourcing of indirect goods and services - Everybody can do that, can´t they?! http:// buff.ly/2piOXHD #procurement #sourcing #purchasing pic.twitter.com/TqXceB9WCq
Sirehabbiibb With the procurement act amended. Manufacturers partaking in Sourcing goods and services for MDAs in… http:// pbs.twimg.com/profile_images /860374409814712321/mvMidOpP_normal.jpg …
With the procurement act amended. Manufacturers partaking in Sourcing goods and services for MDAs in the budget will rise. #MadeinNigeria pic.twitter.com/35w2UMa5K7
Cokodeal With the procurement act amended. Manufacturers partaking in Sourcing goods and services for MDAs in the… http:// pbs.twimg.com/profile_images /789226342608957443/Vo66Q2dt_normal.jpg …
With the procurement act amended. Manufacturers partaking in Sourcing goods and services for MDAs in the budget will rise. #MadeinNigeria pic.twitter.com/3VG45CsZEA
#Ivalua Consero on Procurement and Strategic Sourcing Priorities for 2017. Read Blog: http:// owler.us/acEvP1
Cokodeal With the procurement act amended. Manufacturers partaking in Sourcing goods and services for MDAs in the… http:// pbs.twimg.com/profile_images /789226342608957443/Vo66Q2dt_normal.jpg …
With the procurement act amended. Manufacturers partaking in Sourcing goods and services for MDAs in the budget will rise. #MadeinNigeria
Procurement always contains sourcing activities, negotiation&strategic selection of goods and services that are important to an organization
Procurement deals with the sourcing activities, negotiation and strategic selection of goods and services are usually important.
Products and services are sourcing , procurement and supply of railway equipment, specialised diving gear, searchlights and ICT Equipment.
Get cost effective and quality #Turkey #textile #procurement services only from Dragon Sourcing . To know more visit: http:// buff.ly/2nRXIWR
Deloitte is hiring! Consulting- Sourcing - Procurement -Shared- Services - and -Business-Process-Outso... http:// deloi.tt/2jaCrTA
Deloitte is hiring! Consulting- Sourcing - Procurement -Shared- Services - and -Business-Process-Outso... http:// deloi.tt/2jaCrTA
Negotiation, the sourcing activities, and strategic selection of goods and services are the contents that procurement deals with.
Sourcing And Procurement Manager Marketing Professional Services Jobs in San Francisco, CA #SanFrancisco #CA https://www. jobfindly.com/sourcing-and-p rocurement-manager-marketing-professional-services-jobs-san-francisco-ca.html …
Makoki Procurement offer services of sourcing , supplying and delivering Mining Equipment world wide. E-mail makokiprocurement@gmail.com https:// twitter.com/northernminer/ status/841652690417524737 …
Dragon Sourcing delivers sustainable procurement value through increasing the quality and services etc. http:// buff.ly/2mii3AF pic.twitter.com/jF7TAH2oVa
Consulting - Sourcing & Procurement - Shared Services and Business Process Outsourcing Manager - http:// go.shr.lc/2mYwbQh via @Shareaholic
Consulting - Sourcing & Procurement - Shared Services and Business Process Outsourcing Manager https:// lnkd.in/gMqf5Uv
New Job Spec - Consulting - Sourcing & Procurement - Shared Services and Business Process Outsourcing Manager - http:// premiumresourcing.com/job/consulting -sourcing-procurement-shared-services-and-business-process-outsourcing-manager/ … pic.twitter.com/aLhq693UIq
Sourcing and Contracts Manager | Outsourced Services Leader | Hampshire - Hampshire - Procurement Heads http://www. supplychainonline.co.uk/job/149984/sou rcing-and-contracts-manager-outsourced-services-leader-hampshire/?TrackID=2522 …
Many thanks to Ms. Maggie Witt and her #UNL procurement services team for their terrific presentations in my global sourcing class. #UNLCBA pic.twitter.com/onJ3JNLBbY
Dragon Sourcing is offering cost-effective and quality #procurement #services across the globe. To know more visit: http:// buff.ly/2mv8vDE pic.twitter.com/8zS6wyomgw
P2P Exploration Series - Advanced Procurement at UL: Services Procurement , iSupplier Portal, and Sourcing 9:45 AM–10:45 AM Apr 5, 2017 https:// twitter.com/COLLAB_OAUG/st atus/834511936045867017 …
( sourcing )refers to a number of procurement practices, aimed at finding, evaluating and engaging suppliers for acquiring goods and services
Provided Services : Procurement Outsourcing – Sourcing ; Supply Chain; and Logistics. http://www. ATSPG.com https:// lnkd.in/b7AD_HS
Suppliers/potential suppliers-follow Servest Procurement on Twitter @ServestProcure for news of the products and services we are sourcing . pic.twitter.com/7uVkoVyBPU
Suppliers - follow @ServestProcure for news of #innovation days and the products and services #Servest #Procurement are sourcing . #FacMan pic.twitter.com/Nz5EPYXdAh
Reconnect Shared Services support to TCLHIN health service providers with sourcing and procurement .
What’s on the agenda for #IT #services #Sourcing , #Procurement and #Vendor #Management Leaders in 2017 http://www. gartner.com/events/emea/so urcing?cm_mmc=social-_-sm-_-ev15-_-jekg#…
Besides procurement strategic sourcing , we provide strategic and consulting services as well! http:// buff.ly/2jVa4MP #WTMO pic.twitter.com/gR9H9RYPOn
Cash Bank In Hand of PROCUREMENT AND SOURCING SERVICES LIMITED rose from 2013's £ 62598 to £ 86648 in 2013. http://www. companyannualreport.co.uk/detail/0667180 8-procurement-and-sourcing-services-limited …
Creditors Due Within One Year of PROCUREMENT AND SOURCING SERVICES LIMITED rose by 18.56%! http://www. companyannualreport.co.uk/detail/0667180 8-procurement-and-sourcing-services-limited …
Consulting - Sourcing & Procurement - Shared Services and Business Process Outsourcing, Senior Consultant http:// dlvr.it/N8l7zs
Consulting - Sourcing & Procurement - Shared Services and Business Process Outsourcing, Manager and above http:// dlvr.it/N8l7tz
#Job #Stelle Consulting - Sourcing & Procurement - Shared Services and Business Process Outsourcing, Senior… http:// dlvr.it/N8l7dy
#Job #Stelle Consulting - Sourcing & Procurement - Shared Services and Business Process Outsourcing, Manager and … http:// dlvr.it/N8l7c4
#Job #Stelle Consulting - Sourcing & Procurement - Shared Services and Business Process Outsourcing, Senior… http:// dlvr.it/N8l4Mn
#Job #Stelle Consulting - Sourcing & Procurement - Shared Services and Business Process Outsourcing, Manager and … http:// dlvr.it/N8l49h
Besides procurement strategic sourcing , we provide strategic and consulting services as well! http:// buff.ly/2iRWqbQ #WTMO pic.twitter.com/gUDtlLHuSX
Come join ISM Northern California. Share the latest knowledge of Procurement / Sourcing services and find out information.
Suppliers - follow @ServestProcure for news of #innovation days and the products and services Servest Procurement are sourcing #Procurement pic.twitter.com/qK0cBABcPv
Suppliers - follow @ServestProcure for news of Innovation days and the products and services Servest Procurement are sourcing #procurement pic.twitter.com/Ty5pVDjLia
Besides procurement strategic sourcing , we provide strategic and consulting services as well! http:// buff.ly/2ie9tWo #WTMO pic.twitter.com/xItzqfCgGE
#WNS to buy Denali Sourcing Services , a procurement Sourcing company to boost its finance and accounting business fo… https:// lnkd.in/fJBQ3xU
The acquisition of Denali Sourcing Services adds a strategic procurement capability to our existing Finance and ... http://www. businesswire.com/news/home/2017 0110005682/en/WNS-Acquire-Denali-Sourcing-Services …
Besides procurement strategic sourcing , we provide strategic and consulting services as well! http:// buff.ly/2jvKH4z #WTMO pic.twitter.com/g1ROeqmDzp
Besides procurement strategic sourcing , we provide strategic and consulting services as well! http:// buff.ly/2jlcQqS #WTMO pic.twitter.com/ZPx0mMqsfD
Besides procurement strategic sourcing , we provide strategic and consulting services as well! http:// buff.ly/2hVSyIg #WTMO pic.twitter.com/ebGsad3EH0
#SupplyChain #Procurement > How To better pricing and sourcing for the items and services needed? http:// buff.ly/2jfzlRW pic.twitter.com/1glpxEQW4R"
2|advanced analytics solutions|"
BlueSteal: Popping GATT Safes - Two Six Labs | Advanced Analytics , Cyber Capabilities, Tactical Mobility Solutions for National Security https://www. twosixlabs.com/bluesteal-popp ing-gatt-safes/ … @InfoSec_Pom #blackhat
Logility acquires Halo Business Intelligence to expand advanced #analytics - Logistics Management https:// goo.gl/MkmkQQ #bigdata #businessintelligence #data #cloud #datawarehouse
'We Are Likely 3-5 Years Out From Advanced Analytics Being Critical To The Viability Of A Company' https:// buff.ly/2Brd9NW #BigData
Verint : Alorica’s Advanced Analytics and CX Intelligence Solutions , Now Enhanced with Verint Speech Analytics , Boost Customer Satisfaction #analytics http:// cmun.it/Y6eJYL (via http:// cmun.it/content )
BlueSteal: Popping GATT Safes - Two Six Labs | Advanced Analytics , Cyber Capabilities, Tactical Mobility Solutions for National Security https://www. twosixlabs.com/bluesteal-popp ing-gatt-safes/ … @InfoSec_Pom #ITsecuritynews
Main reasons health care needs the #IoT : Data collection and analytics , evidence-based solutions to improve patient health, and advanced care management. @HITconsultant http:// ow.ly/btiV30h3I89
. @DataDimensions1 , a leader in #business #process #automation , integrates #AI into its solutions by partnering with @NLPLogix , providers of advanced #analytics & #MachineLearning #data services. http:// bit.ly/2AljASg pic.twitter.com/0NZlZQNQru
BlueSteal: Popping GATT Safes - Two Six Labs | Advanced Analytics , Cyber Capabilities, Tactical Mobility Solutions for National Security https://www. twosixlabs.com/bluesteal-popp ing-gatt-safes/ … @InfoSec_Pom #grayhat
ABB nr 4 at the top 10 Technology Leaders 2017 ""ABB Marine and Ports has invested heavily in advanced analytics and software solutions "" #OCTOPUS #ABB … https://lloyds list.maritimeintelligence.informa.com/articles/2017/ 11/top-100-people/top-10-technology-leaders-2017 …
BlueSteal: Popping GATT Safes - Two Six Labs | Advanced Analytics , Cyber Capabilities, Tactical Mobility Solutions for National Security https://www. twosixlabs.com/bluesteal-popp ing-gatt-safes/ … @InfoSec_Pom #ITsecuritynews
There is still time to register for today's webinar -- #Energy #Utilities #Transmission -- join @EnergyCentral on how you can implement advanced analytics for #PHM and best practices for evaluating PHM approaches. http:// bit.ly/2AHW0P9
Thanks, John Roche. Over to Steve Rietzke: ""Machine Learning, AI and Advanced Analytics are things that are going to change what SAP consultants are doing."" #REDconnect pic.twitter.com/sLzrbBiol1
New Ocean Health Solutions Selects Advanced Plan for Health's Poindexter Advanced Health Analytics http:// prn.to/2k2bEup
New Ocean Health Solutions Selects Advanced Plan for Health's Poindexter Advanced Health Analytics System #DataMining https://www. prnewswire.com/news-releases/ new-ocean-health-solutions-selects-advanced-plan-for-healths-poindexter-advanced-health-analytics-system-300567271.html … Portfolio Addition Enhances New Ocean's Ability to Lower Healthcare Costs and Improve Outcomes
New Ocean Health Solutions Selects Advanced Plan for Health’s Poindexter Advanced Health Analytics System #mining https:// minelistings.com/mine-news/new- ocean-health-solutions-selects-advanced-plan-for-healths-poindexter-advanced-health-analytics-system/?utm_campaign=twitter&utm_medium=twitter&utm_source=twitter …
New Ocean Health Solutions Selects Advanced Plan for Health’s Poindexter Advanced Health Analytics System http:// travelwirenews.com/new-ocean-heal th-solutions-selects-advanced-plan-for-healths-poindexter-advanced-health-analytics-system-550191/ …
New Ocean Health Solutions Selects Advanced Plan for Health’s Poindexter Advanced Health Analytics S #sovereignty https:// sovereignmind.net/news/new-ocean -health-solutions-selects-advanced-plan-for-healths-poindexter-advanced-health-analytics-system/?utm_campaign=twitter&utm_medium=twitter&utm_source=twitter …
New Ocean Health Solutions Selects Advanced Plan for Health's Poindexter Advanced Health Analytics System http:// prn.to/2jljnE4
New Ocean Health Solutions Selects Advanced Plan for Health's Poindexter Advanced Health Analytics System https://www. prnewswire.com/news-releases/ new-ocean-health-solutions-selects-advanced-plan-for-healths-poindexter-advanced-health-analytics-system-300567271.html …
New Ocean Health Solutions Selects Advanced Plan for Health's Poindexter Advanced Health Analytics System http:// bit.ly/2AE9hWr
Apply online for this Senior Spatial Specialist #JOB ! http:// bit.ly/2BuMVGP Drawing on expertise and knowledge in GIS, advanced analytics , and software development, you will play an important role in building and enhancing the City's geospatial analytical platform & solutions . pic.twitter.com/Ekur3voTeq
New Ocean Health Solutions Selects Advanced Plan for Health's Poindexter - Health Analytics System. Portfolio Addition Enhances New Ocean’s Ability to Lower #HealthcareCosts & Improve Outcomes #HRA #PredictiveAnalytics #HealthcareSolutions @NewOceanHealth http:// bit.ly/2k1YvRR
Why work with us on your systems upgrade? 3. Increase Operational Efficiency Gain breakthrough insight into risk and operational models with advanced analytics solutions #transformyourbusiness #familybusiness #ourcorevalues
Advanced analytics in hospitality http:// bit.ly/2y6HaQV
The #Lustre parallel file system empowers the #enterprise to face the challenges of #Exascale computing or high-performance data #analytics w/ a scalable, secure, performance-optimized, opensource solution. To learn about our unique Lustre solutions , visit https:// buff.ly/2iWSPfN pic.twitter.com/WWVG4wApr7
Data Dimensions Teams with NLP Logix to add AI to its solutions : JANESVILLE, Wis.--(BUSINESS WIRE)--Data Dimensions, a leader in business process automation, has partnered with NLP Logix, providers of advanced analytics and machine-learning data services… http:// dlvr.it/Q4SpnQ pic.twitter.com/EPIi4BJihT
Data Analyst_(Tableau Services, Business Intelligence Solutions , Advanced Analytics , Statistical Modelling)_2+ yrs_US (OPT EAD / H1B / H4 EAD / Green Card / Citizenship)_Onsite Fulltime (CA USA)_Reach me at shradha.sinha@locussolution.co.in http:// locussolution.co.in
#Energy and #Utilities -- join us for a webinar this Thursday with @EnergyCentral on how utilities and #transmission providers can implement advanced analytics for #PHM , and best practices for evaluating PHM approaches. http:// bit.ly/2iImBEy
RT RedingtonValue ""RT RedingtonAfrica: Cisco Catalyst 9000 switches support advanced security capabilities like Encrypted Traffic Analytics (ETA), AES256/MACSEC256 & Trustworthy Systems . Contact us today to learn more about Cisco Network solutions | #CiscoDCC18 CiscoDistEME…
@IBM GPFS is a file management solution that provides fast, reliable access to data from multiple servers. Its ideal for data intensive applications like digital media and financial analytics . To explore more about our customized #HPC GPFS solutions , visit https:// buff.ly/2ALYL1Z pic.twitter.com/3HRKgjBzpA
Apply online for this Senior Spatial Specialist #JOB ! http:// bit.ly/2BuMVGP Drawing on expertise and knowledge in GIS, advanced analytics , and software development, you will play an important role in building and enhancing the City's geospatial analytical platform & solutions . pic.twitter.com/fxjqKHkGB5
75 new possibilities for doing #eyetracking analysis. Learn more about #blickshift #analytics , one of the most advanced #eye #tracking analysis solutions here: https://www. blickshift.com/solutions/solu tions-sciences-usability/?lang=en … pic.twitter.com/OmdCI1ks2q
Satyamoy Chatterjee - SVP, Head of Client Solutions explained how Advanced Data Analytics can be leveraged for business impact @Analyttica was a sponsor for the UNICOM's ""India Analytics Summit -2017"" #AdvancedDataAnalytics #ATH http:// bit.ly/2yb8cD5 pic.twitter.com/ACZLzpCzYd
Cisco Catalyst 9000 switches support advanced security capabilities like Encrypted Traffic Analytics (ETA), AES256/MACSEC256 & Trustworthy Systems . Contact us today to learn more about @Cisco Network solutions | #CiscoDCC18 @CiscoDistEMEAR #DCCRedingtonEA18 #technology #network
Eka Software @EkaSoftware Global leader in Smart Commodity Management and advanced analytics software solutions for trading, procurement, supply chain, bulk handling, risk and compliance http:// ekaplus.com #FireUpYourBrand pic.twitter.com/ehQu2nDhUh
RT KirkDBorne: Advanced Analytics informs Intel #AI solutions that improve product design, #manufacturing , sales, and delivery: http:// intel.ly/2hAasRM #BigData #DataScience #MachineLearning #designthinking by IntelAI pic.twitter.com/tWb1tSmPEj
Advanced Analytics informs Intel #AI solutions that improve product design, #manufacturing , sales, and delivery: http:// intel.ly/2hAasRM #BigData #DataScience #MachineLearning #designthinking by @IntelAI pic.twitter.com/lvZu973McN
Apply online for this Senior Spatial Specialist #JOB ! http:// bit.ly/2BuMVGP Drawing on expertise and knowledge in GIS, advanced analytics , and software development, you will play an important role in building and enhancing the City's geospatial analytical platform & solutions . pic.twitter.com/jZes9MedjG
Kuecker Logistics Group designs solutions to improve supply chain distribution efficiency, leveraging @awscloud + Trifacta + @tableau for advanced analytics . Learn their data strategy & best practices in our webinar 12/12 - register here: http:// ow.ly/5UtM30gXByX pic.twitter.com/ILzd26Mnqi
Build your next generation 3.0 BI & analytics solutions with Agilisium's Advanced #BI #Analytics http:// ow.ly/1WY930c0xcT pic.twitter.com/uf9mpwfo5V
AllGovision’s advanced Deep Learning based Video Analytics provides the best security, safety and operations solutions at power plants. Visit us at @IntersecExpo , Dubai from Jan 21-23 at booth SA-K18. #intersec #dubai pic.twitter.com/233Jl69Ozz
http:// tinyurl.com/ycosp77x Aloricas Advanced Analytics and CX Intelligence Solutions , Now Enhanced with Verint Speech Analytics , Boost Customer Satisfaction for Fortune 500 Brands
Apply online for this Senior Spatial Specialist #JOB ! http:// bit.ly/2BuMVGP Drawing on expertise and knowledge in GIS, advanced analytics , and software development, you will play an important role in building and enhancing the City's geospatial analytical platform & solutions . pic.twitter.com/hcszZo9ZTG
Online cursus Design and Implement Big Data & Advanced Analytics Solutions #itfactory #thomasmore pic.twitter.com/sSZgbyNZz6
News! Read how @OfficialAlorica ’s advanced analytics and CX intelligence solutions are enhanced with @Verint Speech Analytics to boost customer satisfaction for Fortune 500 brands http:// bit.ly/2Bxk051
NEW AWS #reInvent session: MCL355 - NEW LAUNCH! Building Advanced Analytics Solutions with Amazon Comprehend (Natural Langua...
Check out our stellar list of clients, who depend on advanced analytics solutions for optimum performance - http:// bit.ly/2kdu6Ec pic.twitter.com/PKT2by8UFy
Alorica's Advanced Analytics and CX Intelligence Solutions , Now ... - Business Wire (press release) http:// ift.tt/2ii9EkS http:// ift.tt/eA8V8J
Alorica’s Advanced Analytics and CX Intelligence Solutions , Now Enhanced with $ VRNT 's Speech Analytics Technology http:// crweworld.com/article/news-p rovided-by-business-wire/184681/aloricas-advanced-analytics-and-cx-intelligence-solutions-now-enhanced-with-verint-speech-analytics-boost-customer-satisfaction-for-fortune-500-brands …
News! Read how @OfficialAlorica ’s advanced analytics and CX intelligence solutions are enhanced with @Verint Speech Analytics to boost customer satisfaction for Fortune 500 brands http:// bit.ly/2Bxk051
Apply online for this Senior Spatial Specialist #JOB ! http:// bit.ly/2BuMVGP Drawing on expertise and knowledge in GIS, advanced analytics , and software development, you will play an important role in building and enhancing the City's geospatial analytical platform & solutions . pic.twitter.com/QzZfrotav8
$ AMSWA : ""American Software [acquires Halo Business Intelligence, a supplier of advanced analytics and business intelligence solutions for the supply chain]..."" pic.twitter.com/glI4LZPOlM
@halobusinessintelligence a San Diego-based supplier of advanced analytics and business intelligence solutions ,... http:// fb.me/77zN5uv8l
Alorica's Advanced Analytics and CX Intelligence Solutions , Now Enhanced with Verint Speech Analytics , Boost ... - Digital Journal http:// ift.tt/2k5kZ8q http:// ift.tt/eA8V8J
Alorica's Advanced Analytics and CX Intelligence Solutions , Now Enhanced with Verint Speech ... http:// ow.ly/Sdn650fq4FM
Aloricaandrsquo;s Advanced Analytics and CX Intelligence Solutions , Now Enhanced with Verint Speech Analytics , Boost Customer Satisfaction for Fortune 500 Brands http:// ift.tt/2ngMvRF
Alorica&rsquo;s Advanced Analytics and CX Intelligence Solutions , Now Enhanced with Verint Speech Analytics , Boost Customer Satisfaction for Fortune 500 Brands http:// cellular-news.com/story/Operator s/75287.php?s=tw …
Advanced Analytics Market By Services,Assets Type, Solutions ,End-Users,Regions Forecasts to 2021 http:// dlvr.it/Q3HBnb pic.twitter.com/q6nNGua8Xd
Alorica’s Advanced Analytics and CX Intelligence Solutions , Now Enhanced with Verint Speech Analytics , Boost… http:// dlvr.it/Q3H9MN pic.twitter.com/v6eP5b05f3
Alorica's Advanced Analytics and CX Intelligence Solutions , Now Enhanced with Verint Speech ... http:// ift.tt/2Bu8wPX #VoiceOfCustomer #BigData #Tungsten
Alorica’s Advanced Analytics and CX Intelligence Solutions , Now Enhanced with Verint Speech Analytics , Boost… http:// dlvr.it/Q3H2FR pic.twitter.com/yZDf1VYHaB
Alorica’s Advanced Analytics and CX Intelligence Solutions , Now Enhanced with Verint Speech Analytics , Boost… http:// dlvr.it/Q3H2D7
Alorica’s Advanced Analytics and CX Intelligence Solutions , Now Enhanced with Verint Speech Analytics , Boost… http:// dlvr.it/Q3H2B0 pic.twitter.com/M2zdo45Mdu
Alorica's Advanced Analytics and CX Intelligence Solutions , Now Enhanced with Verint Speech Analytics , Boost ... - Business Wire (press release) http:// ift.tt/2nbLw59 http:// ift.tt/eA8V8J
$ VRNT Alorica’s Advanced Analytics and CX Intelligence Solutions , Now Enhanced with Verint Speech Analytics , Boost Customer Satisfaction for Fortune 500 Brands http://www. enhancedonlinenews.com/news/eon/20171 128005407/en/Alorica%E2%80%99s-Advanced-Analytics-CX-Intelligence-Solutions-Enhanced/ …
$ VRNT Alorica’s Advanced Analytics and CX Intelligence Solutions , Now Enhanced with Verint Speech Analyt... - http:// sbml.co/06243279
$ VRNT Alorica’s Advanced Analytics and CX Intelligence Solutions , Now Enhanced with Verint Speech Analytics , From our Stock News Alerts App
$ VRNT : Alorica’s Advanced Analytics and CX Intelligence Solutions , Now …: http://www. StockNewsWires.com/vrnt-aloricas- advanced-analytics-and-cx-intelligence-solutions-now/ …
Alorica’s Advanced Analytics and CX Intelligence Solutions , Now Enhanced with Verint Speech Analytics , Boost... http:// ow.ly/df4s100RX0A
Verint : Aloricaâs Advanced Analytics and CX Intelligence Solutions , Now Enhanced with Verint Speech Analytics , Boost Customer Satisfaction for Fortune 500 Brands http://www. 4-traders.com/VERINT-SYSTEMS -INC-97645/news/Verint-Alorica-rsquo-s-Advanced-Analytics-and-CX-Intelligence-Solutions-Now-Enhanced-with-Verint-25580267/ …
These are components of #AI that can be used to build end-to-end #solutions , along with other #technologies like #blockchain #IoT & advanced #analytics , to scale as #applications . #CEO #CIO #CMO #FinTech #FinServ #Bigdata #Innovation #Insurtech https:// twitter.com/MikeQuindazzi/ status/935030004135677952 …
Technology Solutions Professional ( Advanced Analytics and Artificial Intelligence): Microsoft Canada In.. #eluta http:// dld.bz/gnDBA
Our Advanced #Analytics solutions provide customer analytics , coupled with supplier risk management tools for a clearer picture of your competitive landscape. https:// youtu.be/f4dKW_mO8vE pic.twitter.com/rOYKT7cPQe
We’re expanding our solutions with some of the most advanced analytics , artificial intelligence and computing in the industry. @tom_mcguinness https://www. linkedin.com/pulse/digitizi ng-500000-medical-machines-tom-mcguinness/?trackingId=KVfPgBdh48y00oWBtcgXiA%3D%3D … #RSNA #AI #GEHCAnalytics
11/ German insurer Ergo, a division of global reinsurer @MunichRe is entering the automotive segment through ERGO Mobility Solutions (EMS) => https://www. munichre.com/site/corporate /get/documents_E-1557060415/mr/assetpool.shared/Documents/0_Corporate_Website/5_Investor_Relations/Publications/Presentations/MunichRe-IDay2017-Presentation.pdf … . Similar to other incumbents, customer experience, advanced data analytics and digitization are focus areas.
#BigData , advanced #analytics & #algorithms are driving increased potential of #AI #ML #DL for #industries going through #digitaltransformation . But, increased maturity in use of the above directly translates into #business -viable #solutions . #CEO #CIO #CMO #digital https:// twitter.com/antgrasso/stat us/934587576773763073 …
follow please #PrabhuStudio I recommended Eka Software From #https:// twitter.com/EkaSoftware Global leader in Smart Commodity Management and advanced analytics software solutions for trading, procurement, supply chain, bulk handling, risk and compliance
Advanced analytics informs Intel #AI solutions that improve product design, manufacturing, sales, and delivery. http:// intel.ly/2hAasRM pic.twitter.com/yKoeXMiHBn
Build your next generation 3.0 BI & analytics solutions with Agilisium's Advanced #BI #Analytics http:// ow.ly/1WY930c0xcT pic.twitter.com/jUahqRFOP0
Data Analyst (Tableau Services, Business Intelligence Solutions , Advanced Analytics , Statistical Modelling)_2+ yrs_Permanent position for US (OPT EAD / H1B / H4 EAD / Green Card / Citizenship)_Interested candidate can share their CV at… https:// lnkd.in/fwT9q7z
Data Analyst (Tableau Services, Business Intelligence Solutions , Advanced Analytics , Statistical Modelling)_2+ yrs_Permanent position for US (OPT EAD / H1B / H4 EAD / Green Card / Citizenship) Shradha Sinha https:// lnkd.in/fwT9q7z
Advanced Analytics Market: Many New Players Entering Market and Providing Low Cost Solutions ... https:// goo.gl/z7jkvy #bigdata #datamining
Subex in an associate sponsor and speaker at #TDAUSA | Meet us at booth 7 to know more about ROC #insights and advanced #analytics solutions we are showcasing for #telcos this year | #telecom Know More: http:// bit.ly/2mYRJkE pic.twitter.com/ykUcMVO7j6
Advanced Analytics Market: Many New Players Entering Market and Providing Low Cost Solutions http:// datasciencetidings.com/advanced-analy tics-market-many-new-players-entering-market-and-providing-low-cost-solutions/ …
Advanced Analytics Market: Many New Players Entering Market and Providing Low Cost Solutions ... http:// ift.tt/2B5MdPv #DataAnalytics
Advanced Analytics Market Many New Players Entering Market and Providing Low Cost Solutions - FMI http:// ift.tt/2iI4A63
Advanced Analytics Market: Many New Players Entering Market and Providing Low Cost Solutions - FMI http:// financialbuzz.com/advanced-analy tics-market-many-new-players-entering-market-and-providing-low-cost-solutions-fmi-941391 …
Advanced Analytics Market: Many New Players Entering Market and Providing Low Cost Solutions - FMI http:// bit.ly/2jS9gde
For example IoT driven smart logistics platforms and advanced analytics solutions that manage container theft, predict the failure of key equipment, and reduce downtime, in real-time, thereby increasing port throughput and protecting profit margins. http:// bit.ly/2zehlMb
You are passionate about technology and above all share a passion for most dynamic solutions that can make a difference to millions on banking customers. Join the most advanced architecture team in Analytics and Information BU. https:// lnkd.in/gbRKFU5
follow please #PrabhuStudio I recommended Black Ink Tech From #Boston , MA https:// twitter.com/BlackInk_Tech Black Ink provides cloud-based, advanced analytics solutions specifically built for the Power Equipment industry.
The traditional broadcast TV paradigm is becoming antiquated. IPGMB is leading the way in advanced TV solutions by pioneering new data and analytics partnerships that better measure impact.” - @ipgmediabrands ’s @mattramella #IPGMBNewReality
Some bots are sophisticated enough to imitate human behavior and bypass security controls. Advanced solutions that leverage behavioral analytics and fingerprinting technologies can help organizations detect and block these attacks. http:// gag.gl/5S6wGS pic.twitter.com/NdoHyxNdzx
If the brain is the most advanced #analytics we know and our eyes/ears/nose are the most advanced #IoT sensors we know, let's emulate those in our solutions ! https:// buff.ly/2zq5m1W
Some bots are sophisticated enough to imitate human behavior and bypass security controls. Advanced solutions that leverage behavioral analytics and fingerprinting technologies can help organizations detect and block these attacks. http:// gag.gl/5S6wGS pic.twitter.com/reAIUkXw7P
Some bots are sophisticated enough to imitate human behavior and bypass security controls. Advanced solutions that leverage behavioral analytics and fingerprinting technologies can help organizations detect and block these attacks. http:// gag.gl/5S6wGS pic.twitter.com/WbGw0yZn8U
Some bots are sophisticated enough to imitate human behavior and bypass security controls. Advanced solutions that leverage behavioral analytics and fingerprinting technologies can help organizations detect and block these attacks. http:// gag.gl/5S6wGS pic.twitter.com/0v1gHW2ZuS
Join us for a live Jedox 7.1 #webinar in your timezone (Nov 29/30) & get the inside scoop on #Cloud innovations, new #Marketplace Partner Solutions & Jedox Models, Advanced #Analytics & more: http:// okt.to/wSSRx8 pic.twitter.com/QQwbInWNYX
Join us for a live Jedox 7.1 #webinar in your timezone (Nov 29/30) & get the inside scoop on #Cloud innovations, new #Marketplace Partner Solutions & Jedox Models, Advanced #Analytics & more: http:// okt.to/iaCTpM pic.twitter.com/Qobyi9QTAZ
#Marketing must begin leveraging #AI and Advanced #Analytic Solutions that use lagging financial data vs only predictive ""activity-based"" analytics . #attribution #proofofvalue https:// twitter.com/VincentBrissot /status/932742607205208065 …"
3|supply chain analytics services|"
Menu Explore Big Data and Analytics App Service Web Apps Mobile Apps IoT Industry Business Process Marketing Commerce Talent Work Supply Chain Financial Services AI Services Enterprise Applications Applicaion Innovation Consulting Application Outsourcing Mobility
Menu Explore Big Data and Analytics App Service Web Apps Mobile Apps IOT IoT Hub IoT Edge Azure Stream Analytics Machine Learning Time Series Insights Logic Apps Industry Business Process Marketing Commerce Talent Work Supply Chain Financial Services AI Services Enterprise Applic
Menu Explore Big Data and Analytics App Service Web Apps Mobile Apps IoT Industry Healthcare Business Process Marketing Commerce Talent Work Supply Chain Financial Services Health AI Services Enterprise Applications Applicaion Innovation Consulting Application Outsourcing Mobilit
Menu Explore Big Data and Analytics App Service Web Apps Mobile Apps IOT IoT Hub IoT Edge Azure Stream Analytics Industry Business Process Marketing Commerce Talent Work Supply Chain Financial Services AI Services Enterprise Applications Applicaion Innovation Consulting Applicati
Menu Explore Bigdata and Analytics Web + Mobile Industry Business Process Marketing Commerce Talent work Supply Chain Financial Services AI Services Enterprise Applications Applicaion Innovation Consulting Application Outsourcing Mobility
Menu Explore Big Data and Analytics IoT Mobile Apps Web Apps Industry Health Consumer Products Banking Retail Life sciences Business Process Marketing Commerce Talent Work Supply Chain Financial Services Health AI Services Enterprise Applications Applicaion Innovation Consulting
Menu Explore Big Data and Analytics App Service Web Apps Mobile Apps Industry Business Process Marketing Commerce Talent Work Supply Chain Financial Services AI Services Enterprise Applications Applicaion Innovation Consulting Application Outsourcing Mobility
Menu Explore Big Data and Analytics IoT Mobile Apps Web Apps Industry Health Consumer Products Banking Retail Life sciences Electronics Insurance Automotive Telecom Manufacturing Business Process Marketing Commerce Talent Work Supply Chain Financial Services Health AI Services En
Menu Explore Big Data and Analytics App Service Web Apps Mobile Apps Industry Business Process Marketing Commerce Talent Work Supply Chain Financial Services AI Services Enterprise Applications Applicaion Innovation Consulting Application Outsourcing Mobility
Menu Explore Bigdata and Analytics Web + Mobile App Service Web Apps Mobile Apps API Apps Content Delivery Network Media Services Azure Search Industry Business Process Marketing Commerce Talent work Supply Chain Financial Services AI Services Enterprise Applications Applicaion I
Menu Explore Bigdata and Analytics Web + Mobile App Service Web Apps Industry Business Process Marketing Commerce Talent work Supply Chain Financial Services AI Services Enterprise Applications Applicaion Innovation Consulting Application Outsourcing Mobility
Menu Explore Bigdata and Analytics Industry Business Process Marketing Commerce Talent work Supply Chain Financial Services AI Services Enterprise Applications Applicaion Innovation Consulting Application Outsourcing Mobility
Menu Explore Bigdata and Analytics Web + Mobile App Service Web Apps Industry Business Process Marketing Commerce Talent work Supply Chain Financial Services AI Services Enterprise Applications Applicaion Innovation Consulting Application Outsourcing Mobility
Menu Explore Big Data and Analytics App Service Web Apps Mobile Apps IOT IoT Hub IoT Edge Azure Stream Analytics Industry Business Process Marketing Commerce Talent Work Supply Chain Financial Services AI Services Enterprise Applications Applicaion Innovation Consulting Applicati
Menu Explore Bigdata and Analytics App Service Web Apps Mobile Apps Industry Business Process Marketing Commerce Talent work Supply Chain Financial Services AI Services Enterprise Applications Applicaion Innovation Consulting Application Outsourcing Mobility
Menu Explore Big Data and Analytics App Service Web Apps Mobile Apps IoT Industry Business Process Marketing Commerce Talent Work Supply Chain Financial Services Health AI Services Enterprise Applications Applicaion Innovation Consulting Application Outsourcing Mobility
Menu Explore Big Data and Analytics App Service Web Apps Mobile Apps IoT Industry Healthcare Life Science Business Process Marketing Commerce Talent Work Supply Chain Financial Services Health AI Services Enterprise Applications Applicaion Innovation Consulting Application Outsou
Menu Explore Big Data and Analytics IoT Mobile Apps Web Apps Industry Health Consumer Products Banking Retail Life sciences Business Process Marketing Commerce Talent Work Supply Chain Financial Services Health AI Services Enterprise Applications Applicaion Innovation Consulting
Menu Explore Big Data and Analytics IoT Mobile Apps Web Apps Industry Health Consumer Products Banking Retail Life sciences Electronics Insurance Automotive Business Process Marketing Commerce Talent Work Supply Chain Financial Services Health AI Services Enterprise Applications
Menu Explore Bigdata and Analytics Web + Mobile App Service Web Apps Mobile Apps API Apps Content Delivery Network Media Services Azure Search Industry Business Process Marketing Commerce Talent work Supply Chain Financial Services AI Services Enterprise Applications Applicaion I
Menu Explore Big Data and Analytics IoT Mobile Apps Web Apps Industry Health Consumer Products Banking Retail Life sciences Business Process Marketing Commerce Talent Work Supply Chain Financial Services Health AI Services Enterprise Applications Applicaion Innovation Consulting
Menu Explore Bigdata and Analytics Industry Business Process Marketing Commerce Talent work Supply Chain Financial Services AI Services Enterprise Applications Applicaion Innovation Consulting Application Outsourcing Mobility
Menu Explore Big Data and Analytics App Service Web Apps Mobile Apps IOT IoT Hub IoT Edge Industry Business Process Marketing Commerce Talent Work Supply Chain Financial Services AI Services Enterprise Applications Applicaion Innovation Consulting Application Outsourcing Mobility
Menu Explore Big Data and Analytics IoT Mobile Apps Web Apps Industry Health Life sciences Business Process Marketing Commerce Talent Work Supply Chain Financial Services Health AI Services Enterprise Applications Applicaion Innovation Consulting Application Outsourcing Mobility
Menu Explore Big Data and Analytics IoT Mobile Apps Web Apps Industry Health Consumer Products Banking Retail Life sciences Electronics Insurance Automotive Telecom Manufacturing Business Process Marketing Commerce Talent Work Supply Chain Financial Services Health AI Services En
Menu Explore Bigdata and Analytics Web + Mobile App Service Web Apps Mobile Apps Industry Business Process Marketing Commerce Talent work Supply Chain Financial Services AI Services Enterprise Applications Applicaion Innovation Consulting Application Outsourcing Mobility
Menu Explore Big Data and Analytics App Service Web Apps Mobile Apps IoT Industry Business Process Marketing Commerce Talent Work Supply Chain Financial Services AI Services Enterprise Applications Applicaion Innovation Consulting Application Outsourcing Mobility
Menu Explore Big Data and Analytics App Service Web Apps Mobile Apps IoT Industry Business Process Marketing Commerce Talent Work Supply Chain Financial Services Health AI Services Enterprise Applications Applicaion Innovation Consulting Application Outsourcing Mobility
Menu Explore Big Data and Analytics IoT Mobile Apps Web Apps Industry Health Consumer Products Banking Retail Life sciences Business Process Marketing Commerce Talent Work Supply Chain Financial Services Health AI Services Enterprise Applications Applicaion Innovation Consulting
Menu Explore Big Data and Analytics App Service Web Apps Mobile Apps IOT IoT Hub IoT Edge Azure Stream Analytics Industry Business Process Marketing Commerce Talent Work Supply Chain Financial Services AI Services Enterprise Applications Applicaion Innovation Consulting Applicati
Menu Explore Big Data and Analytics App Service Web Apps Mobile Apps IOT IoT Hub IoT Edge Azure Stream Analytics Machine Learning Time Series Insights Logic Apps Industry Business Process Marketing Commerce Talent Work Supply Chain Financial Services AI Services Enterprise Applic
Menu Explore Big Data and Analytics App Service Web Apps Mobile Apps IoT Industry Healthcare Life Science Business Process Marketing Commerce Talent Work Supply Chain Financial Services Health AI Services Enterprise Applications Applicaion Innovation Consulting Application Outsou
Menu Explore Bigdata and Analytics Web + Mobile App Service Web Apps Mobile Apps API Apps Industry Business Process Marketing Commerce Talent work Supply Chain Financial Services AI Services Enterprise Applications Applicaion Innovation Consulting Application Outsourcing Mobility
Menu Explore Bigdata and Analytics App Service Web Apps Mobile Apps Industry Business Process Marketing Commerce Talent work Supply Chain Financial Services AI Services Enterprise Applications Applicaion Innovation Consulting Application Outsourcing Mobility
Menu Explore Bigdata and Analytics Industry Business Process Marketing Commerce Talent work Supply Chain Financial Services AI Services Enterprise Applications Applicaion Innovation Consulting Application Outsourcing Mobility
Menu Explore Bigdata and Analytics Web + Mobile App Service Web Apps Mobile Apps API Apps Content Delivery Network Industry Business Process Marketing Commerce Talent work Supply Chain Financial Services AI Services Enterprise Applications Applicaion Innovation Consulting Applica
Menu Explore Big Data and Analytics IoT Mobile Apps Web Apps Industry Health Consumer Products Banking Retail Life sciences Electronics Insurance Automotive Business Process Marketing Commerce Talent Work Supply Chain Financial Services Health AI Services Enterprise Applications
Menu Explore Big Data and Analytics IoT Mobile Apps Web Apps Industry Health Consumer Products Banking Retail Life sciences Electronics Insurance Automotive Telecom Manufacturing Business Process Marketing Commerce Talent Work Supply Chain Financial Services Health AI Services En
Menu Explore Big Data and Analytics App Service Web Apps Mobile Apps IOT IoT Hub IoT Edge Industry Business Process Marketing Commerce Talent Work Supply Chain Financial Services AI Services Enterprise Applications Applicaion Innovation Consulting Application Outsourcing Mobility
Menu Explore Big Data and Analytics App Service Web Apps Mobile Apps IOT IoT Hub IoT Edge Azure Stream Analytics Machine Learning Time Series Insights Logic Apps Industry Business Process Marketing Commerce Talent Work Supply Chain Financial Services AI Services Enterprise Applic
Menu Explore Big Data and Analytics App Service Web Apps Mobile Apps IoT Industry Business Process Marketing Commerce Talent Work Supply Chain Financial Services AI Services Enterprise Applications Applicaion Innovation Consulting Application Outsourcing Mobility
Menu Explore Big Data and Analytics App Service Web Apps Mobile Apps Industry Business Process Marketing Commerce Talent Work Supply Chain Financial Services AI Services Enterprise Applications Applicaion Innovation Consulting Application Outsourcing Mobility
Menu Explore Bigdata and Analytics Web + Mobile Industry Business Process Marketing Commerce Talent work Supply Chain Financial Services AI Services Enterprise Applications Applicaion Innovation Consulting Application Outsourcing Mobility
Visual Analytics Market by Component (Software and Services ), Business Function (IT, Sales and Marketing, Finance, Supply Chain , and HR), Deployment Model (On-Demand and On-Premise), Organization Size, Industry, and Region – Global Forecast to 2022 http:// ift.tt/2BTWNKK …
Visual Analytics Market by Component (Software and Services ), Business Function (IT, Sales and Marketing, Finance, Supply Chain , and HR), Deployment Model (On-Demand and On-Premise), Organization Size, Industry, and Region – Global Forecast to 2022 http:// ift.tt/2BTWNKK …
PRESS RELEASE » Visual Analytics Market by Component (Software and Services ), Business Function (IT, Sales and Marketing, Finance, Supply Chain , and HR), Deployment Model (On-Demand and On-Premise), Organization Size, Industry, and Region – Global Forecast to 2022 …
PRESS RELEASE » Visual Analytics Market by Component (Software and Services ), Business Function (IT, Sales and Marketing, Finance, Supply Chain , and HR), Deployment Model (On-Demand and On-Premise), Organization Size, Industry, and Region – Global Forecast to 2022 …
PRESS RELEASE » Visual Analytics Market by Component (Software and Services ), Business Function (IT, Sales and Marketing, Finance, Supply Chain , and HR), Deployment Model (On-Demand and On-Premise), Organization Size, Industry, and Region – Global Forecast to 2022 …
Menu Explore Big Data and Analytics App Service Web Apps Mobile Apps IOT IoT Hub IoT Edge Azure Stream Analytics Machine Learning Time Series Insights Logic Apps Industry Business Process Marketing Commerce Talent Work Supply Chain Financial Services AI Services Enterprise Applic
Menu Explore Bigdata and Analytics Web + Mobile App Service Web Apps Industry Business Process Marketing Commerce Talent work Supply Chain Financial Services AI Services Enterprise Applications Applicaion Innovation Consulting Application Outsourcing Mobility
Menu Explore Big Data and Analytics App Service Web Apps Mobile Apps IoT Industry Healthcare Business Process Marketing Commerce Talent Work Supply Chain Financial Services Health AI Services Enterprise Applications Applicaion Innovation Consulting Application Outsourcing Mobilit
Menu Explore Big Data and Analytics App Service Web Apps Mobile Apps Industry Business Process Marketing Commerce Talent Work Supply Chain Financial Services AI Services Enterprise Applications Applicaion Innovation Consulting Application Outsourcing Mobility
Menu Explore Big Data and Analytics IoT Mobile Apps Web Apps Industry Health Consumer Products Banking Retail Life sciences Business Process Marketing Commerce Talent Work Supply Chain Financial Services Health AI Services Enterprise Applications Applicaion Innovation Consulting
Menu Explore Big Data and Analytics IoT Mobile Apps Web Apps Industry Health Consumer Products Banking Retail Life sciences Electronics Insurance Automotive Business Process Marketing Commerce Talent Work Supply Chain Financial Services Health AI Services Enterprise Applications
Menu Explore Big Data and Analytics IoT Mobile Apps Web Apps Industry Health Consumer Products Banking Retail Life sciences Business Process Marketing Commerce Talent Work Supply Chain Financial Services Health AI Services Enterprise Applications Applicaion Innovation Consulting
Menu Explore Bigdata and Analytics App Service Web Apps Mobile Apps Industry Business Process Marketing Commerce Talent Work Supply Chain Financial Services AI Services Enterprise Applications Applicaion Innovation Consulting Application Outsourcing Mobility
Menu Explore Big Data and Analytics IoT Mobile Apps Web Apps Industry Health Life sciences Business Process Marketing Commerce Talent Work Supply Chain Financial Services Health AI Services Enterprise Applications Applicaion Innovation Consulting Application Outsourcing Mobility
Menu Explore Bigdata and Analytics Web + Mobile App Service Web Apps Mobile Apps API Apps Content Delivery Network Industry Business Process Marketing Commerce Talent work Supply Chain Financial Services AI Services Enterprise Applications Applicaion Innovation Consulting Applica
Menu Explore Big Data and Analytics App Service Web Apps Mobile Apps IOT IoT Hub IoT Edge Azure Stream Analytics Industry Business Process Marketing Commerce Talent Work Supply Chain Financial Services AI Services Enterprise Applications Applicaion Innovation Consulting Applicati
Menu Explore Big Data and Analytics App Service Web Apps Mobile Apps IoT Industry Business Process Marketing Commerce Talent Work Supply Chain Financial Services AI Services Enterprise Applications Applicaion Innovation Consulting Application Outsourcing Mobility
Menu Explore Big Data and Analytics App Service Web Apps Mobile Apps IOT IoT Hub IoT Edge Azure Stream Analytics Machine Learning Time Series Insights Logic Apps Industry Business Process Marketing Commerce Talent Work Supply Chain Financial Services AI Services Enterprise Applic
Menu Explore Big Data and Analytics IoT Mobile Apps Web Apps Industry Health Consumer Products Banking Retail Life sciences Business Process Marketing Commerce Talent Work Supply Chain Financial Services Health AI Services Enterprise Applications Applicaion Innovation Consulting
Menu Explore Big Data and Analytics App Service Web Apps Mobile Apps IoT Industry Business Process Marketing Commerce Talent Work Supply Chain Financial Services Health AI Services Enterprise Applications Applicaion Innovation Consulting Application Outsourcing Mobility
Menu Explore Bigdata and Analytics Web + Mobile App Service Web Apps Mobile Apps Industry Business Process Marketing Commerce Talent work Supply Chain Financial Services AI Services Enterprise Applications Applicaion Innovation Consulting Application Outsourcing Mobility
Menu Explore Bigdata and Analytics Web + Mobile App Service Web Apps Industry Business Process Marketing Commerce Talent work Supply Chain Financial Services AI Services Enterprise Applications Applicaion Innovation Consulting Application Outsourcing Mobility
Menu Explore Bigdata and Analytics Industry Business Process Marketing Commerce Talent work Supply Chain Financial Services AI Services Enterprise Applications Applicaion Innovation Consulting Application Outsourcing Mobility
Menu Explore Big Data and Analytics IoT Mobile Apps Web Apps Industry Health Life sciences Business Process Marketing Commerce Talent Work Supply Chain Financial Services Health AI Services Enterprise Applications Applicaion Innovation Consulting Application Outsourcing Mobility
Menu Explore Big Data and Analytics App Service Web Apps Mobile Apps Industry Business Process Marketing Commerce Talent Work Supply Chain Financial Services AI Services Enterprise Applications Applicaion Innovation Consulting Application Outsourcing Mobility
Menu Explore Bigdata and Analytics Industry Business Process Marketing Commerce Talent work Supply Chain Financial Services AI Services Enterprise Applications Applicaion Innovation Consulting Application Outsourcing Mobility
Menu Explore Bigdata and Analytics App Service Web Apps Mobile Apps Industry Business Process Marketing Commerce Talent work Supply Chain Financial Services AI Services Enterprise Applications Applicaion Innovation Consulting Application Outsourcing Mobility
Menu Explore Big Data and Analytics App Service Web Apps Mobile Apps IoT Industry Healthcare Life Science Business Process Marketing Commerce Talent Work Supply Chain Financial Services Health AI Services Enterprise Applications Applicaion Innovation Consulting Application Outsou
Menu Explore Bigdata and Analytics Web + Mobile App Service Web Apps Mobile Apps API Apps Industry Business Process Marketing Commerce Talent work Supply Chain Financial Services AI Services Enterprise Applications Applicaion Innovation Consulting Application Outsourcing Mobility
Menu Explore Big Data and Analytics App Service Web Apps Mobile Apps IoT Industry Healthcare Business Process Marketing Commerce Talent Work Supply Chain Financial Services Health AI Services Enterprise Applications Applicaion Innovation Consulting Application Outsourcing Mobilit
Menu Explore Big Data and Analytics App Service Web Apps Mobile Apps Industry Business Process Marketing Commerce Talent Work Supply Chain Financial Services AI Services Enterprise Applications Applicaion Innovation Consulting Application Outsourcing Mobility
Menu Explore Big Data and Analytics IoT Mobile Apps Web Apps Industry Health Consumer Products Banking Retail Life sciences Electronics Insurance Automotive Business Process Marketing Commerce Talent Work Supply Chain Financial Services Health AI Services Enterprise Applications
Menu Explore Big Data and Analytics App Service Web Apps Mobile Apps IoT Industry Healthcare Life Science Business Process Marketing Commerce Talent Work Supply Chain Financial Services Health AI Services Enterprise Applications Applicaion Innovation Consulting Application Outsou
Menu Explore Big Data and Analytics IoT Mobile Apps Web Apps Industry Health Consumer Products Banking Retail Life sciences Business Process Marketing Commerce Talent Work Supply Chain Financial Services Health AI Services Enterprise Applications Applicaion Innovation Consulting
Menu Explore Bigdata and Analytics Web + Mobile App Service Web Apps Mobile Apps Industry Business Process Marketing Commerce Talent work Supply Chain Financial Services AI Services Enterprise Applications Applicaion Innovation Consulting Application Outsourcing Mobility
Menu Explore Bigdata and Analytics Web + Mobile App Service Web Apps Mobile Apps Industry Business Process Marketing Commerce Talent work Supply Chain Financial Services AI Services Enterprise Applications Applicaion Innovation Consulting Application Outsourcing Mobility
Menu Explore Bigdata and Analytics Industry Business Process Marketing Commerce Talent work Supply Chain Financial Services AI Services Enterprise Applications Applicaion Innovation Consulting Application Outsourcing Mobility
Menu Explore Big Data and Analytics App Service Web Apps Mobile Apps IOT IoT Hub IoT Edge Industry Business Process Marketing Commerce Talent Work Supply Chain Financial Services AI Services Enterprise Applications Applicaion Innovation Consulting Application Outsourcing Mobility
Menu Explore Big Data and Analytics App Service Web Apps Mobile Apps IoT Industry Business Process Marketing Commerce Talent Work Supply Chain Financial Services Health AI Services Enterprise Applications Applicaion Innovation Consulting Application Outsourcing Mobility
Menu Explore Big Data and Analytics App Service Web Apps Mobile Apps IoT Industry Business Process Marketing Commerce Talent Work Supply Chain Financial Services Health AI Services Enterprise Applications Applicaion Innovation Consulting Application Outsourcing Mobility
Menu Explore Big Data and Analytics App Service Web Apps Mobile Apps IoT Industry Healthcare Life Science Business Process Marketing Commerce Talent Work Supply Chain Financial Services Health AI Services Enterprise Applications Applicaion Innovation Consulting Application Outsou
Menu Explore Big Data and Analytics IoT Mobile Apps Web Apps Industry Health Consumer Products Banking Retail Life sciences Business Process Marketing Commerce Talent Work Supply Chain Financial Services Health AI Services Enterprise Applications Applicaion Innovation Consulting
Menu Explore Bigdata and Analytics Web + Mobile App Service Web Apps Mobile Apps Industry Business Process Marketing Commerce Talent work Supply Chain Financial Services AI Services Enterprise Applications Applicaion Innovation Consulting Application Outsourcing Mobility
Menu Explore Big Data and Analytics App Service Web Apps Mobile Apps IoT Industry Healthcare Life Science Business Process Marketing Commerce Talent Work Supply Chain Financial Services Health AI Services Enterprise Applications Applicaion Innovation Consulting Application Outsou
Menu Explore Bigdata and Analytics Industry Business Process Marketing Commerce Talent work Supply Chain Financial Services AI Services Enterprise Applications Applicaion Innovation Consulting Application Outsourcing Mobility
Menu Explore Big Data and Analytics App Service Web Apps Mobile Apps IOT IoT Hub IoT Edge Azure Stream Analytics Machine Learning Time Series Insights Logic Apps Industry Business Process Marketing Commerce Talent Work Supply Chain Financial Services AI Services Enterprise Applic
Menu Explore Big Data and Analytics App Service Web Apps Mobile Apps IoT Industry Healthcare Business Process Marketing Commerce Talent Work Supply Chain Financial Services Health AI Services Enterprise Applications Applicaion Innovation Consulting Application Outsourcing Mobilit
Menu Explore Big Data and Analytics App Service Web Apps Mobile Apps IoT Industry Business Process Marketing Commerce Talent Work Supply Chain Financial Services AI Services Enterprise Applications Applicaion Innovation Consulting Application Outsourcing Mobility
Menu Explore Big Data and Analytics IoT Mobile Apps Web Apps Industry Health Life sciences Business Process Marketing Commerce Talent Work Supply Chain Financial Services Health AI Services Enterprise Applications Applicaion Innovation Consulting Application Outsourcing Mobility
Menu Explore Bigdata and Analytics App Service Web Apps Mobile Apps Industry Business Process Marketing Commerce Talent work Supply Chain Financial Services AI Services Enterprise Applications Applicaion Innovation Consulting Application Outsourcing Mobility
Menu Explore Bigdata and Analytics Web + Mobile App Service Web Apps Mobile Apps API Apps Industry Business Process Marketing Commerce Talent work Supply Chain Financial Services AI Services Enterprise Applications Applicaion Innovation Consulting Application Outsourcing Mobility
Menu Explore Bigdata and Analytics Web + Mobile App Service Web Apps Industry Business Process Marketing Commerce Talent work Supply Chain Financial Services AI Services Enterprise Applications Applicaion Innovation Consulting Application Outsourcing Mobility
Menu Explore Bigdata and Analytics Web + Mobile App Service Web Apps Mobile Apps API Apps Content Delivery Network Media Services Azure Search Industry Business Process Marketing Commerce Talent work Supply Chain Financial Services AI Services Enterprise Applications Applicaion I
Menu Explore Bigdata and Analytics Web + Mobile Industry Business Process Marketing Commerce Talent work Supply Chain Financial Services AI Services Enterprise Applications Applicaion Innovation Consulting Application Outsourcing Mobility
Menu Explore Big Data and Analytics App Service Web Apps Mobile Apps IoT Industry Healthcare Life Science Business Process Marketing Commerce Talent Work Supply Chain Financial Services Health AI Services Enterprise Applications Applicaion Innovation Consulting Application Outsou
Menu Explore Big Data and Analytics IoT Mobile Apps Web Apps Industry Health Consumer Products Banking Retail Life sciences Business Process Marketing Commerce Talent Work Supply Chain Financial Services Health AI Services Enterprise Applications Applicaion Innovation Consulting
Menu Explore Big Data and Analytics App Service Web Apps Mobile Apps IOT IoT Hub IoT Edge Azure Stream Analytics Industry Business Process Marketing Commerce Talent Work Supply Chain Financial Services AI Services Enterprise Applications Applicaion Innovation Consulting Applicati"
